insert into city
	values ('amsterdam', 'Netherlands', 'Amsterdam is the capital and most populous municipality of the Kingdom of the Netherlands. Its status as the capital is mandated by the Constitution of the Netherlands, although it is not the seat of the government, which is The Hague. Amsterdam has a population of 851,373 within the city proper, 1,351,587 in the urban area, and 2,410,960 in the Amsterdam metropolitan area. The city is located in the province of North Holland in the west of the country. The metropolitan area comprises much of the northern part of the Randstad, one of the larger conurbations in Europe, with a population of approximately 7 million.','https://lonelyplanetimages.imgix.net/mastheads/stock-photo-beautiful-amsterdam-76796579.jpg?sharp=10&vib=20&w=1200');

insert into city
	values ('athens', 'Greece', 'is the capital and largest city of Greece. It dominates the Attica region and is one of the world"s oldest cities, with its recorded history spanning over 3,400 years, and its earliest human presence starting somewhere between the 11th and 7th millennia BC.','https://www.lonelyplanet.fr/sites/lonelyplanet/files/styles/manual_crop/public/media/destination/slider/descktop/gettyrf_88786323.jpg?itok=7mmXpPX4' );

insert into city
	values ('barcelona', 'Spain', 'is the capital city of the autonomous community of Catalonia in the Kingdom of Spain','https://www.transat.com/getmedia/805de2a9-6202-491e-bb9f-cdf57e3a248c/Barcelona-Madrid-002?width=579');

insert into city
	values ('paris', 'France', 'is the capital of France and its a city, with a population of 12 000 000 as of 2017.','https://reservation.parisinfo.com/InfoliveImages/cityvision/tour_eiffel/office_du_tourisme_de_paris_tour_eiffel_2.jpg?mode=crop&width=420&height=270&scale=both');

insert into city
	values ('lille', 'France', 'is at the north of France.','http://france3-regions.francetvinfo.fr/hauts-de-france/sites/regions_france3/files/styles/top_big/public/assets/images/2017/02/27/27642144860_2b3efe9f89_k-2922225.jpg?itok=s6rhYEz5');

insert into city
	values ('belfast', 'Northern Ireland', ' is the capital and largest city of Northern Ireland, and the second largest on the island of Ireland.','https://discovernorthernireland.com/contentassets/f156ee52774c483c8f9666411b28e441/walking-tours-of-belfast--n2.-ireland');

insert into city
	values ('cardiff', 'Wales', 'is the capital and largest city in Wales and the eleventh-largest city in the United Kingdom','http://www.chambery-airport.com/sites/chambery.aeroport.fr/files/styles/airport_pop_up/public/gallery/destination/galler-gezilecek-yerler.jpg?itok=lceRDgo9');

insert into city
	values ('cologne', 'Germany', ' is the largest city in the German federal State of North Rhine-Westphalia and the fourth-largest city in Germany','http://www.cologne.de/sites/default/files/styles/lead/public/images/leads/skyline-nacht-900x300.jpg?itok=RXc5cg5N');

insert into city
	values ('florence', 'Italy', ' is the capital city of the Italian region of Tuscany and of the Metropolitan City of Florence.','https://www.lonelyplanet.fr/sites/lonelyplanet/files/styles/manual_crop/public/media/destination/slider/mobile/shutterstock_230424784.jpg?itok=VLdAOrtl');

insert into city
	values ('vilnius', 'Lithuania', 'is the capital of Lithuania and its largest city, with a population of 542,664 as of 2015.','https://fr.aegeanair.com/-/media/destinations/vilnius/vilnius_final_s_3.jpg?w=364&centercrop=1&h=224&usecustomfunctions=1&la=fr&hash=38200A8DA59D90FE7B5F89047D1A58A1FE9DE0A3');


insert into client
	values('Devassine','Alexandre','France','a.devassine@orange.fr','alex09011996','https://upload.wikimedia.org/wikipedia/commons/thumb/6/6c/Star_Wars_Logo.svg/1200px-Star_Wars_Logo.svg.png');

insert into client
	values('Gerard','Cyril','France','g.gerard@test.test','test','http://www.nordinfo.com/wp-content/uploads/2017/02/2013-12-13-11-27-14-Colvert_Norbert-Nagel_Wikimedia.jpg');

insert into client
	values('test','test','test','test@test.test','test','https://lecrabeinfo.net/app/uploads/2013/03/connaitre-composants-ordinateur-configuration-pc-dcf0bb.png');

insert into client
	values('test','test','test','retest@test.test','test','https://openclipart.org/download/215224/rs_caution_geek_man_with_text.svg');


insert into university
	values('lille1','lille','univ-lille1@univ-lille1.fr','www.univ-lille1.fr','The Lille University of Science and Technology (French: Université Lille 1 : Sciences et Technologies) is a French university located on a dedicated main campus in Villeneuve d`Ascq with 20,000 full-time students plus 14,500 students in continuing education (2004). 1,310 permanent faculty members plus 1,200 staff and around 140 CNRS researchers work there in the different University Lille 1 institutes and 43 research labs. University Lille 1 is a member of the European Doctoral College Lille-Nord-Pas de Calais, which produces 400 doctorate dissertations every year. The university is ranked in the world top 200 universities in mathematics by the Shanghai ranking.','https://image.slidesharecdn.com/lcidiaporama16-9anglais-150331025354-conversion-gate01/95/from-lille-1-university-to-lilliad-innovation-learning-center-1-638.jpg?cb=1427950522');

insert into university
	values('vgtu','vilnius','vgtu@vgtu.lt','www.vgtu.lt','Vilniaus Gedimino technikos universitetas (Vilnius Gediminas Technical University), also known as VGTU, is a public university in Vilnius, Lithuania. Founded on 1 September 1956, the university was first a Vilnius-based evening division of the Kaunas Polytechnic Institute. It currently has 10 faculties, 14 research institutes, 33 research laboratories, and two research and four training centers. According to the QS World University Rankings, VGTU is in the top four percent of world universities. QS has given VGTU five stars in teaching, facilities, and innovation. Measuring student mobility in the ERASMUS exchange program, VGTU is the most popular university in Lithuania for foreign students.','https://gertdonis.files.wordpress.com/2012/02/vgtu3.jpg');

insert into university
	values('sorbonne','paris','sorbonne@univ.fr','www.sorbonne.fr','Curabitur in malesuada magna. Integer mattis quam sit amet blandit dignissim. Aenean sit amet ultrices justo. Aliquam pulvinar urna ut diam cursus consequat. Aliquam eget malesuada risus. Nunc bibendum dolor eu dui mollis, ut varius turpis dapibus. Phasellus sodales tortor enim, non egestas leo facilisis et. Quisque auctor ac lectus eget pellentesque.','http://www.paris-sorbonne.fr/IMG/jpg/Chapelle-Litt-01-petit.jpg');

insert into university
	values('polytechnique','paris','polytechnique@univ.fr', 'www.polytechnique.fr' , 'Morbi eget nunc vitae sem rhoncus suscipit. Morbi quis lorem a erat euismod aliquam non in lorem. Curabitur enim enim, ultricies eu viverra eget, eleifend in dui. Quisque pulvinar, arcu vitae semper egestas, lectus nisl viverra lacus, vitae pretium nibh orci sit amet leo. Sed pretium erat eget lorem sodales efficitur. Duis viverra aliquet purus, vel tristique metus. Nulla sed consectetur odio, quis mollis ex. Donec vel turpis nec tellus cursus tincidunt. Quisque lectus quam, faucibus eu eleifend fringilla, consectetur ut dui. Maecenas ultricies, nisl eget volutpat rutrum, nulla leo sollicitudin velit, eget pretium ante turpis nec mauris. Ut rutrum ut mi eget suscipit. Nulla tortor nunc, cursus vitae metus eget, aliquet ornare eros. Aenean laoreet magna massa, id finibus ligula finibus a.','http://orientation.blog.lemonde.fr/files/2013/05/Polytechnique-0004-mexikes-j_preview_ecran-%C2%A9-%C3%89cole-polytechnique-J.-Barande.jpg');


insert into subject
	values('internship in computing','a.devassine@orange.fr','vgtu','2017','we work on a web application during 3 month');

insert into subject
	values('internship in other thing','test@test.test','vgtu','2017','work');


insert into commentplace
	values('a.devassine@orange.fr','Morbi eget nunc vitae sem rhoncus suscipit. Morbi quis lorem a erat euismod aliquam non in lorem. Curabitur enim enim, ultricies eu viverra eget, eleifend in dui. Quisque pulvinar, arcu vitae semper egestas, lectus nisl viverra lacus, vitae pretium nibh orci sit amet leo. Sed pretium erat eget lorem sodales efficitur. Duis viverra aliquet purus, vel tristique metus. Nulla sed consectetur odio, quis mollis ex. Donec vel turpis nec tellus cursus tincidunt. Quisque lectus quam, faucibus eu eleifend fringilla, consectetur ut dui. Maecenas ultricies, nisl eget volutpat rutrum, nulla leo sollicitudin velit, eget pretium ante turpis nec mauris. Ut rutrum ut mi eget suscipit. Nulla tortor nunc, cursus vitae metus eget, aliquet ornare eros. Aenean laoreet magna massa, id finibus ligula finibus a.',4.4,'vilnius');

insert into commentplace
	values('test@test.test','For Catacombs tour - be there at least 40 min before opening. On day 2, I would leave Carnavalet Museum and Place de Vosges for day 5, after Montmartre and instead stroll to the left bank - Latin Quarter, Saint Germain and Luxembourg Garden. If you plan to go to top of Eiffel Tower there is still time to book advance tickets; otherwise it s more than 2 hr. queue.',4.9,'paris');

insert into commentplace
	values('a.devassine@orange.fr','Lorem ipsum dolor sit amet, consectetur adipiscing elit. Praesent et feugiat libero. Duis lorem arcu, ullamcorper et odio nec, interdum dapibus sem. Nulla faucibus viverra ante, eu sollicitudin diam efficitur nec. Donec eu nulla orci. Curabitur et sapien et lorem iaculis varius nec ac nulla. Nullam tempus dictum ornare. Sed gravida, leo sit amet convallis cursus, ipsum diam pulvinar sapien, id convallis felis ante in nibh. Fusce venenatis ex et enim venenatis, id ultrices libero consequat.',3.7,'paris');

insert into commentplace
	values('test@test.test', 'Lorem ipsum dolor sit amet, consectetur adipiscing elit. Praesent et feugiat libero. Duis lorem arcu, ullamcorper et odio nec, interdum dapibus sem. Nulla faucibus viverra ante, eu sollicitudin diam efficitur nec. Donec eu nulla orci. Curabitur et sapien et lorem iaculis varius nec ac nulla. Nullam tempus dictum ornare. Sed gravida, leo sit amet convallis cursus, ipsum diam pulvinar sapien, id convallis felis ante in nibh. Fusce venenatis ex et enim venenatis, id ultrices libero consequat.', 3.4, 'vilnius');

insert into commentplace
	values('a.devassine@orange.fr', 'Suspendisse a augue nec nisl tempus hendrerit. Donec in ultrices eros, eget ultricies massa. Integer mattis consequat accumsan. Nulla elit elit, pharetra vitae aliquet ut, mattis vitae nibh. Pellentesque sagittis lorem sit amet sagittis mollis. Maecenas fringilla luctus turpis non maximus. Vestibulum pulvinar nunc mollis magna vehicula efficitur. Suspendisse dapibus, erat et aliquam mollis, lorem urna posuere magna, eget commodo orci quam et diam. Aenean dapibus volutpat ligula, nec dictum diam viverra ac.', 2,'amsterdam');

insert into commentplace
	values('a.devassine@orange.fr', 'Suspendisse a augue nec nisl tempus hendrerit. Donec in ultrices eros, eget ultricies massa. Integer mattis consequat accumsan. Nulla elit elit, pharetra vitae aliquet ut, mattis vitae nibh. Pellentesque sagittis lorem sit amet sagittis mollis. Maecenas fringilla luctus turpis non maximus. Vestibulum pulvinar nunc mollis magna vehicula efficitur. Suspendisse dapibus, erat et aliquam mollis, lorem urna posuere magna, eget commodo orci quam et diam. Aenean dapibus volutpat ligula, nec dictum diam viverra ac.', 2.7, 'athens');

insert into commentplace
	values ('test@test.test', 'Morbi ornare enim odio, ut pulvinar dui mattis ut. Praesent tristique at neque sit amet mollis. Proin porta erat a felis imperdiet ullamcorper. Nullam viverra ut sapien quis cursus. Phasellus eleifend, mi sit amet hendrerit dapibus, nisl ante ullamcorper eros, convallis rhoncus ante elit vel elit. Cras aliquet imperdiet ante ac pretium. Pellentesque imperdiet eget erat eget eleifend. Vivamus eu diam sollicitudin, maximus dui sit amet, finibus turpis. Morbi justo libero, rhoncus eu viverra sed, consectetur id enim. Curabitur ultricies tempor tincidunt. Duis porttitor congue auctor. Fusce mattis pretium sollicitudin. Nulla et accumsan urna.', 4.6, 'amsterdam');

insert into commentplace
	values ('test@test.test', 'Morbi ornare enim odio, ut pulvinar dui mattis ut. Praesent tristique at neque sit amet mollis. Proin porta erat a felis imperdiet ullamcorper. Nullam viverra ut sapien quis cursus. Phasellus eleifend, mi sit amet hendrerit dapibus, nisl ante ullamcorper eros, convallis rhoncus ante elit vel elit. Cras aliquet imperdiet ante ac pretium. Pellentesque imperdiet eget erat eget eleifend. Vivamus eu diam sollicitudin, maximus dui sit amet, finibus turpis. Morbi justo libero, rhoncus eu viverra sed, consectetur id enim. Curabitur ultricies tempor tincidunt. Duis porttitor congue auctor. Fusce mattis pretium sollicitudin. Nulla et accumsan urna.', 3, 'athens');

insert into commentplace
	values('test@test.test', 'Curabitur in malesuada magna. Integer mattis quam sit amet blandit dignissim. Aenean sit amet ultrices justo. Aliquam pulvinar urna ut diam cursus consequat. Aliquam eget malesuada risus. Nunc bibendum dolor eu dui mollis, ut varius turpis dapibus. Phasellus sodales tortor enim, non egestas leo facilisis et. Quisque auctor ac lectus eget pellentesque.', 1.5, 'barcelona');

insert into commentplace
	values ('a.devassine@orange.fr', 'Curabitur in malesuada magna. Integer mattis quam sit amet blandit dignissim. Aenean sit amet ultrices justo. Aliquam pulvinar urna ut diam cursus consequat. Aliquam eget malesuada risus. Nunc bibendum dolor eu dui mollis, ut varius turpis dapibus. Phasellus sodales tortor enim, non egestas leo facilisis et. Quisque auctor ac lectus eget pellentesque.', 4.6, 'barcelona');


insert into job
	values('Pizza','a.devassine@orange.fr','pizza-express','Vilnius',1200,'i search a student for 1 month in order to made pizza in my restaurant.','http://miam-images.m.i.pic.centerblog.net/108623b0.png');

insert into job
	values('Taxi','test@test.test','taxi-express','Paris',1200,'I search i person who can drive a car','https://lh4.ggpht.com/KBO82W8HKo92vXFZBmlZCegmWWMjOr55SWBa3VcUiqwqhZLlsvEE4kWlFwQM9yHNZSc=w300');

	